#CODE;ENGLISH;FRENCH;GERMAN;POLISH;SPANISH;ITALIAN;SWEDISH;CZECH;HUNGARIAN;DUTCH;PORTUGESE;RUSSIAN;FINNISH;x
ATTACKUSREBEL_5;*;x;x;x;x;x;x
ECONOMICREFORM_BAD_3;$CATEGORY$;x;x;x;x;x;x
CRISIS_OFFER_WE_ACCEPT_5;*;x;x;x;x;x;x
MILITARYREFORM_BAD_5;*;x;x;x;x;x;x
CB_TOWARDS_US_DETECTED_HEADER;$MONARCHTITLE$;x;x;x;x;x;x
CB_JUSTIFY_NO_LONGER_VALID_5;$TARGET$;x;x;x;x;x;x
WORLD_WARS_ENABLED_DESC;World wars are enabled;x;x;x;x;x;x
CRISIS_NO_SIDE_PICKED_HEADER;*;x;x;x;x;x;x
TICKING_WARSCORE_DESC_SCORE_MAX_SHORT;$VAL$ (Max).;x;x;x;x;x;x
WAR_GAIN_GW_STATUS_BTN1;OK;x;x;x;x;x;x
CRISIS_OFFER_OTHER_DECLINE_1;$MONARCHTITLE$;x;x;x;x;x;x
GW_DISCOVERED_6;*;x;x;x;x;x;x
OUR_CB_DETECTED_BTN1;OK;x;x;x;x;x;x
CRISIS_OFFER_WE_DECLINE_1;$MONARCHTITLE$;x;x;x;x;x;x
MILITARYREFORM_BTN1;OK;x;x;x;x;x;x
MILITARYREFORM_BTN2;OK;x;x;x;x;x;x
CRISIS_OFFER_THEY_ACCEPT_4;*;x;x;x;x;x;x
CRISIS_NO_SIDE_PICKED_5;*;x;x;x;x;x;x
MILITARYREFORM_BAD_BTN2;OK;x;x;x;x;x;x
BACK_CRISIS_WE_DECLINE_5;*;x;x;x;x;x;x
ATTACKTHEMREBEL_6;*;x;x;x;x;x;x
BACK_CRISIS_WE_DECLINE_3;*;x;x;x;x;x;x
CRISIS_BECAME_WAR_5;*;x;x;x;x;x;x
SIEGEUSREBEL_5;$ATTACKER$;x;x;x;x;x;x
CRISIS_BECAME_WAR_4;*;x;x;x;x;x;x
GW_DISCOVERED_BTN1;OK;x;x;x;x;x;x
BACK_CRISIS_OTHER_ACCEPT_1;$MONARCHTITLE$;x;x;x;x;x;x
BACK_CRISIS_THEY_ACCEPT_5;*;x;x;x;x;x;x
CRISIS_BACK_DOWN_OTHER_ACCEPT_HEADER;$MESSENGER$;x;x;x;x;x;x
CRISIS_BACK_DOWN_THEY_DECLINE_HEADER;$MESSENGER$;x;x;x;x;x;x
CRISIS_BACK_DOWN_THEY_DECLINE_6;*;x;x;x;x;x;x
CRISIS_OFFER_THEY_ACCEPT_6;*;x;x;x;x;x;x
CRISIS_BACK_DOWN_WE_ACCEPT_HEADER;$MESSENGER$;x;x;x;x;x;x
dino_fake_1880_title_14;Amphicoelias fragillimus;x;x;x;x;x;x
CRISIS_OFFER_THEY_DECLINE_6;*;x;x;x;x;x;x
WORLD_WARS_ENABLE_DESC;Great wars can now become World wars;x;x;x;x;x;x
CRISIS_BACK_DOWN_OTHER_DECLINE_5;*;x;x;x;x;x;x
EVTOPTA19356;Gentlemen, all I ask for is war, a war so grand as to make Hell itself tremble;x;x;x;x;x;x
INVESTED_IN_US_2;$INVESTED_IN_US_MESSAGE$;x;x;x;x;x;x
BACK_CRISIS_THEY_ACCEPT_3;*;x;x;x;x;x;x
MOVEMENT_RADICALISM_CULTURE;$CULTURE$: $VAL$;x;x;x;x;x;x
ATTACKUSREBEL_BTN1;OK;x;x;x;x;x;x
CRISIS_BACK_DOWN_WE_ACCEPT_1;$ACTOR$;x;x;x;x;x;x
SIEGEUSREBEL_3;$PROV$ ;x;x;x;x;x;x
CRISIS_BECAME_WAR_6;*;x;x;x;x;x;x
SIEGEUSREBEL_BTN2;OK;x;x;x;x;x;x
WAR_LOST_GW_STATUS_BTN1;OK;x;x;x;x;x;x
CRISIS_BACK_DOWN_WE_DECLINE_3;$ACTOR$;x;x;x;x;x;x
BACK_CRISIS_THEY_DECLINE_4;*;x;x;x;x;x;x
CRISIS_OFFER_WE_DECLINE_3;*;x;x;x;x;x;x
CRISIS_BACK_DOWN_OTHER_ACCEPT_1;$RECIPIENT$;x;x;x;x;x;x
CRISIS_OFFER_WE_DECLINE_4;*;x;x;x;x;x;x
SIEGEUSREBEL_MAP;*;x;x;x;x;x;x
BACK_CRISIS_OTHER_DECLINE_1;$MONARCHTITLE$;x;x;x;x;x;x
CRISIS_NOBODY_BACKED_HEADER;$MESSENGER$;x;x;x;x;x;x
MILITARYREFORM_MAP;*;x;x;x;x;x;x
BACK_CRISIS_OTHER_DECLINE_6;*;x;x;x;x;x;x
CRISIS_OFFER_THEY_DECLINE_4;*;x;x;x;x;x;x
CRISIS_NO_SIDE_PICKED_6;*;x;x;x;x;x;x
CRISIS_BACK_DOWN_THEY_DECLINE_4;*;x;x;x;x;x;x
WAR_LOST_GW_STATUS_BTN2;OK;x;x;x;x;x;x
CRISIS_OFFER_WE_ACCEPT_1;$MONARCHTITLE$;x;x;x;x;x;x
CRISIS_BACK_DOWN_WE_DECLINE_1;$ACTOR$;x;x;x;x;x;x
OUR_CB_DETECTED_HEADER;$MONARCHTITLE$;x;x;x;x;x;x
MILITARYREFORM_BAD_6;*;x;x;x;x;x;x
CRISIS_OFFER_OTHER_ACCEPT_1;$MONARCHTITLE$;x;x;x;x;x;x
BACK_CRISIS_THEY_DECLINE_3;*;x;x;x;x;x;x
SIEGETHEMREBEL_HEADER;$MESSENGER$;x;x;x;x;x;x
CRISIS_OFFER_WE_ACCEPT_6;*;x;x;x;x;x;x
MILITARYREFORM_5;$CATEGORY$;x;x;x;x;x;x
CRISIS_BACK_DOWN_OTHER_ACCEPT_4;$ACTOR$;x;x;x;x;x;x
CRISIS_BACK_DOWN_THEY_ACCEPT_5;*;x;x;x;x;x;x
OUR_CB_DETECTED_BTN2;OK;x;x;x;x;x;x
OTHERS_CB_DETECTED_MAP;*;x;x;x;x;x;x
SIEGETHEMREBEL_5;$DEFENDER$.;x;x;x;x;x;x
CRISIS_BACK_DOWN_WE_ACCEPT_3;$ACTOR$;x;x;x;x;x;x
CRISIS_OFFER_THEY_DECLINE_3;*;x;x;x;x;x;x
CRISIS_BACK_DOWN_WE_DECLINE_HEADER;$MESSENGER$;x;x;x;x;x;x
INVESTED_IN_US_4;*;x;x;x;x;x;x
BACK_CRISIS_THEY_ACCEPT_1;$MONARCHTITLE$;x;x;x;x;x;x
CRISIS_BACK_DOWN_THEY_ACCEPT_HEADER;$MESSENGER$;x;x;x;x;x;x
INVESTED_IN_US_BTN2;OK;x;x;x;x;x;x
CRISIS_STARTED_3;$CRISISTARGET$;x;x;x;x;x;x
BACK_CRISIS_THEY_DECLINE_6;*;x;x;x;x;x;x
MILITARYREFORM_BAD_BTN1;OK;x;x;x;x;x;x
ECONOMICREFORM_6;*;x;x;x;x;x;x
ECONOMICREFORM_BAD_BTN1;OK;x;x;x;x;x;x
BACK_CRISIS_WE_ACCEPT_5;*;x;x;x;x;x;x
SIEGEUSREBEL_HEADER;$MESSENGER$;x;x;x;x;x;x
WAR_LOST_GW_STATUS_5;*;x;x;x;x;x;x
CB_JUSTIFY_NO_LONGER_VALID_BTN1;OK;x;x;x;x;x;x
COLONY_ABORT_3;§Y$TARGET$§b.;x;x;x;x;x;x
ECONOMICREFORM_BAD_5;*;x;x;x;x;x;x
WAR_GAIN_GW_STATUS_BTN2;OK;x;x;x;x;x;x
CRISIS_BACK_DOWN_THEY_ACCEPT_MAP;*;x;x;x;x;x;x
CRISIS_OFFER_THEY_ACCEPT_5;*;x;x;x;x;x;x
WAR_GAIN_GW_STATUS_6;*;x;x;x;x;x;x
CRISIS_OFFER_WE_ACCEPT_4;*;x;x;x;x;x;x
OUR_CB_DETECTED_MAP;*;x;x;x;x;x;x
CRISIS_BACK_DOWN_THEY_ACCEPT_1;$RECIPIENT$;x;x;x;x;x;x
CRISIS_STARTED_6;*;x;x;x;x;x;x
BACK_CRISIS_OTHER_ACCEPT_6;*;x;x;x;x;x;x
CRISIS_NOBODY_BACKED_6;*;x;x;x;x;x;x
GW_DISCOVERED_BTN2;OK;x;x;x;x;x;x
CRISIS_BACK_DOWN_WE_DECLINE_MAP;*;x;x;x;x;x;x
ECONOMICREFORM_BTN2;OK;x;x;x;x;x;x
ECONOMICREFORM_3;$ISSUE$;x;x;x;x;x;x
CRISIS_OFFER_THEY_DECLINE_1;$MONARCHTITLE$;x;x;x;x;x;x
SIEGETHEMREBEL_BTN1;OK;x;x;x;x;x;x
MILITARYREFORM_3;$ISSUE$;x;x;x;x;x;x
INVESTED_IN_US_6;*;x;x;x;x;x;x
CRISIS_STARTED_HEADER;$MESSENGER$;x;x;x;x;x;x
ECONOMICREFORM_BAD_MAP;*;x;x;x;x;x;x
CRISIS_BACK_DOWN_WE_ACCEPT_6;*;x;x;x;x;x;x
WAR_LOST_GW_STATUS_6;*;x;x;x;x;x;x
CRISIS_BACK_DOWN_WE_DECLINE_5;*;x;x;x;x;x;x
CRISIS_BACK_DOWN_OTHER_DECLINE_HEADER;$MESSENGER$;x;x;x;x;x;x
ATTACKUSREBEL_BTN2;OK;x;x;x;x;x;x
ATTACKTHEMREBEL_BTN1;OK;x;x;x;x;x;x
BACK_CRISIS_THEY_DECLINE_1;$MONARCHTITLE$;x;x;x;x;x;x
EVTNAME19356;A war to end all wars;x;x;x;x;x;x
CB_JUSTIFY_NO_LONGER_VALID_HEADER;$MONARCHTITLE$;x;x;x;x;x;x
CRISIS_OFFER_OTHER_ACCEPT_6;*;x;x;x;x;x;x
WAR_GAIN_GW_STATUS_1;$WAR$;x;x;x;x;x;x
MILITARYREFORM_BAD_3;$CATEGORY$;x;x;x;x;x;x
ATTACKUSREBEL_6;*;x;x;x;x;x;x
CRISIS_OFFER_OTHER_DECLINE_6;*;x;x;x;x;x;x
WAR_LOST_GW_STATUS_4;*;x;x;x;x;x;x
CRISIS_OFFER_WE_DECLINE_5;*;x;x;x;x;x;x
BACK_CRISIS_WE_DECLINE_4;*;x;x;x;x;x;x
CB_JUSTIFY_NO_LONGER_VALID_MAP;*;x;x;x;x;x;x
SIEGEUSREBEL_2;$MONARCHTITLE$, ;x;x;x;x;x;x
BACK_CRISIS_THEY_ACCEPT_4;*;x;x;x;x;x;x
CB_TOWARDS_US_DETECTED_MAP;*;x;x;x;x;x;x
BACK_CRISIS_THEY_DECLINE_5;*;x;x;x;x;x;x
BACK_CRISIS_WE_ACCEPT_1;$MONARCHTITLE$;x;x;x;x;x;x
SIEGETHEMREBEL_MAP;*;x;x;x;x;x;x
CRISIS_BACK_DOWN_THEY_DECLINE_1;$RECIPIENT$;x;x;x;x;x;x
MILITARYREFORM_6;*;x;x;x;x;x;x
ECONOMICREFORM_5;$CATEGORY$;x;x;x;x;x;x
INVESTED_IN_US_3;*;x;x;x;x;x;x
CRISIS_OFFER_THEY_ACCEPT_1;$MONARCHTITLE$;x;x;x;x;x;x
CRISIS_BACK_DOWN_THEY_DECLINE_MAP;*;x;x;x;x;x;x
CRISIS_BACK_DOWN_THEY_ACCEPT_4;*;x;x;x;x;x;x
dino_fake_1860_title_3;Johnstoni, Astrodon Johnstoni!;x;x;x;x;x;x
BACK_CRISIS_WE_ACCEPT_6;*;x;x;x;x;x;x
CRISIS_BACK_DOWN_OTHER_DECLINE_4;$ACTOR$;x;x;x;x;x;x
BACK_CRISIS_WE_DECLINE_6;*;x;x;x;x;x;x
ATTACKTHEMREBEL_5;*;x;x;x;x;x;x
COLONY_ABORT_6;*;x;x;x;x;x;x
OTHERS_CB_DETECTED_HEADER;$MONARCHTITLE$;x;x;x;x;x;x
BACK_CRISIS_THEY_ACCEPT_6;*;x;x;x;x;x;x
COLONY_ABORT_BTN1;OK;x;x;x;x;x;x
INVESTED_IN_US_BTN1;OK;x;x;x;x;x;x
CB_TOWARDS_US_DETECTED_5;$COUNTRY$;x;x;x;x;x;x
ECONOMICREFORM_MAP;*;x;x;x;x;x;x
CRISIS_NOBODY_BACKED_5;*;x;x;x;x;x;x
BACK_CRISIS_OTHER_ACCEPT_5;*;x;x;x;x;x;x
ECONOMICREFORM_BTN1;OK;x;x;x;x;x;x
CRISIS_OFFER_THEY_DECLINE_5;*;x;x;x;x;x;x
CRISIS_BACK_DOWN_OTHER_ACCEPT_5;*;x;x;x;x;x;x
ECONOMICREFORM_BAD_BTN2;OK;x;x;x;x;x;x
WAR_GAIN_GW_STATUS_5;*;x;x;x;x;x;x
CRISIS_BACK_DOWN_OTHER_DECLINE_6;*;x;x;x;x;x;x
CRISIS_BACK_DOWN_THEY_DECLINE_5;*;x;x;x;x;x;x
ECONOMICREFORM_BAD_6;*;x;x;x;x;x;x
DIPLOMACY_AI_ACCEPTANCE;§Y$COUNTRY$§W: §Y$ODDS$§W;x;x;x;x;x;x
CRISIS_BACK_DOWN_OTHER_DECLINE_1;$RECIPIENT$;x;x;x;x;x;x
MILITARYREFORM_BAD_MAP;*;x;x;x;x;x;x
SIEGEUSREBEL_BTN1;OK;x;x;x;x;x;x
CRISIS_BACK_DOWN_WE_ACCEPT_5; $TERMS$;x;x;x;x;x;x
CRISIS_BECAME_WAR_HEADER;$MESSENGER$;x;x;x;x;x;x
CRISIS_BACK_DOWN_OTHER_ACCEPT_MAP;*;x;x;x;x;x;x
CRISIS_BACK_DOWN_WE_DECLINE_6;*;x;x;x;x;x;x
AIREASON_CRISIS_OFFER;$WARGOAL$:;x;x;x;x;x;x
CRISIS_OFFER_WE_DECLINE_6;*;x;x;x;x;x;x
SIEGETHEMREBEL_3;$PROV$.;x;x;x;x;x;x
BACK_CRISIS_WE_ACCEPT_3;*;x;x;x;x;x;x
WAR_LOST_GW_STATUS_1;$WAR$;x;x;x;x;x;x
CRISIS_STARTED_5;*;x;x;x;x;x;x
ATTACKTHEMREBEL_BTN2;OK;x;x;x;x;x;x
EVTDESC19356_NEWS_SHORT;It has become increasingly clear that we have entered a new era of unprecedented warfare.;x;x;x;x;x;x
BACK_CRISIS_WE_DECLINE_1;$MONARCHTITLE$;x;x;x;x;x;x
BACK_CRISIS_WE_ACCEPT_4;*;x;x;x;x;x;x
CB_JUSTIFY_NO_LONGER_VALID_BTN2;OK;x;x;x;x;x;x
BACK_CRISIS_OTHER_DECLINE_5;*;x;x;x;x;x;x
COLONY_ABORT_BTN2;OK;x;x;x;x;x;x
WAR_GAIN_GW_STATUS_4;*;x;x;x;x;x;x
SIEGETHEMREBEL_BTN2;OK;x;x;x;x;x;x
INVESTED_IN_US_5;*;x;x;x;x;x;x
ZZZ_LOC_PAD_a;x;X;X;X;X;X;X
CHI_Selector_EvtName;Управление провинцией;X;X;X;X;X;X
CHI_Selector_EvtDesc;Только бедствия этой провинции.\n§YСепаратизм, вода, голод§W - весь регион.\n§YПорт§W - только сюда.\n\nПри высокой коррупции денежные цены §Rвдвое§W.;X;X;X;X;X;X
CHI_Selector_EvtDesc_none;В этой провинции нет сепаратизма, проблем с водой, голода и пиратства. Можно поставить склад или закрыть окно.;X;X;X;X;X;X
Selector_EvtName;Селектор провинции;X;X;X;X;X;X
Selector_EvtDesc;Склад снабжения: §Y500 000§W, только в этой провинции. Старый склад в других провинциях этой страны снимается. Без §Y500 000§W в казне склад ставить нельзя.;X;X;X;X;X;X
CHI_menu_sep;Борьба с сепаратизмом;X;X;X;X;X;X
CHI_menu_food;Голод и вода;X;X;X;X;X;X
CHI_menu_coast;Побережье и пиратство;X;X;X;X;X;X
CHI_menu_misc;Прочее;X;X;X;X;X;X
CHI_menu_misc_title;Прочее;X;X;X;X;X;X
CHI_menu_misc_desc;Склад снабжения: §Y500 000§W, только в этой провинции. Старый склад в других провинциях снимается. Если в казне меньше §Y500 000§W, кнопки склада не будет.;X;X;X;X;X;X
CHI_sel_depot;Провинциальный склад  ·  §Y500 000§W;X;X;X;X;X;X
CHI_menu_hydro;Ирригация;X;X;X;X;X;X
CHI_menu_river;Речные проекты;X;X;X;X;X;X
CHI_menu_river_title;Речные проекты региона;X;X;X;X;X;X
CHI_menu_river_desc;Проекты на весь регион. Один заказ закрывает все провинции штата.\n\n§YКанал§W - ил Великого канала\nКазна: §Y1 000 000§W\nПри коррупции казна: §R2 000 000§W (вдвое).\nСклад:\nдерево §G3 000§W\nпиломатериалы §G800§W\nцемент §G1 500§W\nжелезо §G1 000§W\n\n§YЯнцзы§W - фарватер\nКазна: §Y1 000 000§W\nПри коррупции казна: §R2 000 000§W (вдвое).\nСклад:\nдерево §G2 500§W\nпиломатериалы §G700§W\nцемент §G1 200§W\nжелезо §G1 500§W\n\n§YХуанхэ§W - дамбы (Южный Чжили, Хэнань, Нанкин, Шаньдун, Циндао)\nКазна: §Y1 000 000§W\nКоррупция эту цену не меняет.\nСклад:\nдерево §G12 000§W\nпиломатериалы §G6 000§W\nцемент §G10 000§W\nжелезо §G8 000§W\nсталь §G4 000§W\nуголь §G5 000§W\nПрогресс дамб - карточка страны «Дамбы Хуанхэ N/5». С 1845 непройденное снимается решением без награды.;X;X;X;X;X;X
CHI_menu_sep_title;Борьба с сепаратизмом;X;X;X;X;X;X
CHI_menu_sep_desc;§YПодкуп§W - сепаратизм региона -1. Казна: §Y500 000§W. При коррупции §R1 000 000§W. Повтор год.\n§YНалог§W - льгота региону на 2 года. Казна -§Y4%§W эффективности за каждый такой регион (до 20).\n§YПровокация§W - только эта провинция. Через полгода при контроле Китая сепаратизм региона -1.;X;X;X;X;X;X
CHI_menu_food_title;Голод и вода;X;X;X;X;X;X
CHI_menu_food_desc;Вода и еда лечатся на весь регион.\n\n§YИрригация§W - вода -1 уровень. Повтор около 2.5 лет. Цена зависит от ступени (смотри страницу заказа).\n§YАмбар§W - голод -1, сельское хозяйство +5%. Склад: дерево §G250§W, пиломатериалы §G80§W, цемент §G150§W, железо §G100§W. Повтор 2 года.\n§YХуанхэ§W - дамбы селектором по 5 регионам. Прогресс на карточке страны.;X;X;X;X;X;X
CHI_menu_coast_title;Побережье и пиратство;X;X;X;X;X;X
CHI_menu_coast_desc;Кнопки ниже только по факту этой провинции. Порт: нужна уже построенная военно-морская база именно здесь (окно не умеет показать число баз - есть или нет). Флот: не меньше 200 кораблей у страны (текущее число кораблей окно тоже не показывает). Пиратство 1 портом не снимается.;X;X;X;X;X;X
CHI_sel_back;Назад;X;X;X;X;X;X
CHI_sel_sep_1;Подавить сепаратизм I;X;X;X;X;X;X
CHI_sel_sep_2;Подавить сепаратизм II;X;X;X;X;X;X
CHI_sel_sep_3;Подавить сепаратизм III;X;X;X;X;X;X
CHI_sel_sep_4;Подавить сепаратизм IV;X;X;X;X;X;X
CHI_sel_sep_done;Сепаратизм;X;X;X;X;X;X
CHI_sel_sep_done_desc;Подкуп прошёл. Сепаратизм региона снижен на 1 уровень. Повтор в этом регионе через год.;X;X;X;X;X;X
CHI_need_200k;§Y200 000§W;X;X;X;X;X;X
CHI_need_500k;§Y500 000§W;X;X;X;X;X;X
CHI_need_1m;§Y1 000 000§W;X;X;X;X;X;X
CHI_need_15m;§Y1 500 000§W;X;X;X;X;X;X
CHI_need_2m;§Y2 000 000§W;X;X;X;X;X;X
CHI_need_money_desc;В казне нет нужной суммы. При высокой коррупции денежная цена §Rвдвое§W. Суммы больше §Y2 000 000§W игра принимает только кусками по §Y2 000 000§W.;X;X;X;X;X;X
CHI_need_goods;Не хватает ресурсов;X;X;X;X;X;X
CHI_need_goods_desc;На складе не хватает товаров.\nАмбар: дерево §G250§W, пиломатериалы §G80§W, цемент §G150§W, железо §G100§W.\nИрригация и реки - объёмы больше, они написаны на странице заказа.;X;X;X;X;X;X
CHI_need_port;Нет военно-морской базы в этой провинции;X;X;X;X;X;X
CHI_need_port_desc;В этой провинции нет военно-морской базы. Постройте базу здесь, затем снова откройте селектор: порт снижает пиратство 2-4 на 1 уровень только в провинции с базой. Число баз окно показать не может.;X;X;X;X;X;X
CHI_need_fleet;Флота меньше §Y200§W кораблей;X;X;X;X;X;X
CHI_need_fleet_desc;Нужно не меньше §Y200§W кораблей у страны. Тогда флот снимет пиратство со всех провинций. Текущее число кораблей это окно показать не может - смотрите флот в интерфейсе страны.;X;X;X;X;X;X
CHI_sel_port_piracy_desc;В этой провинции уже есть военно-морская база. Нажмите Понятно: пиратство здесь снизится на 1 уровень, появится портовый надзор. Другие провинции не затронет.;X;X;X;X;X;X
CHI_sel_fleet_piracy_desc;В строю не меньше §Y200§W кораблей. Нажмите Понятно: пиратство снимется со всех провинций страны. Откатить нельзя. Точное число кораблей окно показать не может.;X;X;X;X;X;X
CHI_sel_not_coast_desc;Эта провинция не стоит на море, пиратство здесь не лечится портом.;X;X;X;X;X;X
CHI_sel_no_piracy_desc;В этой провинции нет пиратства.;X;X;X;X;X;X
CHI_depot_title;Склад снабжения: §Y500 000§W;X;X;X;X;X;X
CHI_depot_desc;Склад ставится только в этой провинции.\nКазна: §Y500 000§W.\nСтарый склад в других провинциях снимается.;X;X;X;X;X;X
CHI_sel_sep_none;В этой провинции нет сепаратизма;X;X;X;X;X;X
CHI_sel_sep_wait;Подавление уже идёт (повтор через год);X;X;X;X;X;X
CHI_sel_not_coast;Эта провинция не приморская;X;X;X;X;X;X
CHI_sel_no_water;В этой провинции нет проблем с водой;X;X;X;X;X;X
CHI_sel_no_famine;В этой провинции нет голода;X;X;X;X;X;X
CHI_sel_no_piracy;В этой провинции нет пиратства;X;X;X;X;X;X
CHI_sel_has_granary;Великий амбар уже построен;X;X;X;X;X;X
CHI_sel_hydro_wait;Ремонт ирригации в регионе уже идёт (~2.5 года);X;X;X;X;X;X
CHI_sel_granary;Великий амбар  ·  склад;X;X;X;X;X;X
CHI_menu_granary;Великий амбар;X;X;X;X;X;X
CHI_sel_port_piracy;База есть: снизить пиратство на 1;X;X;X;X;X;X
CHI_sel_fleet_piracy;Флот §Y200+§W: снять пиратство в стране;X;X;X;X;X;X
CHI_sel_water_1;Ирригация I  ·  §Y200 000§W;X;X;X;X;X;X
CHI_sel_water_2;Ирригация II  ·  §Y500 000§W;X;X;X;X;X;X
CHI_sel_water_3;Ирригация III  ·  §Y1 000 000§W;X;X;X;X;X;X
CHI_sel_water_4;Ирригация IV  ·  §Y2 000 000§W;X;X;X;X;X;X
CHI_sel_unique_water;Речные проекты;X;X;X;X;X;X
CHI_sel_canal_silt;Очистка канала  ·  §Y1 000 000§W;X;X;X;X;X;X
CHI_sel_yangtze_nav;Фарватер Янцзы  ·  §Y1 000 000§W;X;X;X;X;X;X
CHI_sel_yellow_dikes;Дамбы Хуанхэ  ·  §Y1 000 000§W;X;X;X;X;X;X
CHI_sel_water_done;Ирригация;X;X;X;X;X;X
CHI_sel_water_done_desc;Работы в регионе закончены. Уровень проблемы с водой снижен на 1. В этом регионе следующий ремонт примерно через 2.5 года.;X;X;X;X;X;X
CHI_sel_granary_done;Великий амбар;X;X;X;X;X;X
CHI_sel_granary_done_desc;Амбар заложен по всему региону. Голод снижен на 1 уровень. Сельское хозяйство +5%. Прирост населения амбар не даёт.;X;X;X;X;X;X
CHI_sel_unique_done;Речные работы;X;X;X;X;X;X
CHI_sel_unique_done_desc;Речной проект региона выполнен.;X;X;X;X;X;X
CHI_sel_canal_done;Канал расчищен;X;X;X;X;X;X
CHI_sel_canal_done_desc;Ил снят с Великого канала в этом регионе. Повтор очистки здесь примерно через 2.5 года.;X;X;X;X;X;X
CHI_sel_yangtze_done;Фарватер Янцзы;X;X;X;X;X;X
CHI_sel_yangtze_done_desc;Судоходство Янцзы в этом регионе восстановлено. Повтор расчистки здесь примерно через 2.5 года.;X;X;X;X;X;X
CHI_sel_yellow_done;Дамбы Хуанхэ;X;X;X;X;X;X
CHI_sel_yellow_done_desc;Дамбы этого региона укреплены.\nПрогресс пяти объектов смотрите на карточке страны «Дамбы Хуанхэ N/5».;X;X;X;X;X;X
CHI_sel_river_wait;Речной проект уже идёт;X;X;X;X;X;X
CHI_sel_river_wait_desc;Этот речной проект в регионе уже заказан. Повтор примерно через 2.5 года.;X;X;X;X;X;X
CHI_sep_cd;Подавление сепаратизма;X;X;X;X;X;X
CHI_sep_cd_desc;В регионе уже идёт кампания. Следующий заказ через год.;X;X;X;X;X;X
CHI_sel_ok;Понятно;X;X;X;X;X;X
noloc;;X;X;X;X;X;X
CHI_pay_processing;Обработка приказа;X;X;X;X;X;X
CHI_pay_processing_desc;Казна и склады проверяют приказ.\nЕсли денег или товаров не хватает, списывать не будут.;X;X;X;X;X;X
CHI_pay_granary;Амбар: дерево §G250§W, пиломатериалы §G80§W, цемент §G150§W, железо §G100§W;X;X;X;X;X;X
CHI_pay_granary_desc;§YВеликий амбар§W. Денег не берёт. Если товаров не хватает, списывать не будут.\n\nСклад: дерево §G250§W, пиломатериалы §G80§W, цемент §G150§W, железо §G100§W.;X;X;X;X;X;X
CHI_pay_bribe;Подкуп: казна §Y500 000§W;X;X;X;X;X;X
CHI_pay_bribe_desc;§YПодкуп§W местных вожаков. Если денег не хватает, списывать не будут.\n\nКазна: §Y500 000§W.\nПри коррупции: §R1 000 000§W (вдвое).;X;X;X;X;X;X
CHI_pay_canal;Канал: казна §Y1 000 000§W;X;X;X;X;X;X
CHI_pay_canal_desc;§YОчистка Великого канала§W от ила в этом регионе. Если казны или товаров не хватает, списывать не будут.\n\nКазна: §Y1 000 000§W\nПри коррупции казна: §R2 000 000§W (вдвое).\nСклад:\nдерево §G3 000§W\nпиломатериалы §G800§W\nцемент §G1 500§W\nжелезо §G1 000§W;X;X;X;X;X;X
CHI_pay_yangtze;Янцзы: казна §Y1 000 000§W;X;X;X;X;X;X
CHI_pay_yangtze_desc;§YФарватер Янцзы§W в этом регионе. Если казны или товаров не хватает, списывать не будут.\n\nКазна: §Y1 000 000§W\nПри коррупции казна: §R2 000 000§W (вдвое).\nСклад:\nдерево §G2 500§W\nпиломатериалы §G700§W\nцемент §G1 200§W\nжелезо §G1 500§W;X;X;X;X;X;X
CHI_pay_yellow;Дамбы Хуанхэ: казна §Y1 000 000§W;X;X;X;X;X;X
CHI_pay_yellow_desc;§YДамбы Хуанхэ§W на весь регион. Если казны или товаров не хватает, списывать не будут.\n\nКазна: §Y1 000 000§W\nКоррупция эту цену не меняет.\nСклад:\nдерево §G12 000§W\nпиломатериалы §G6 000§W\nцемент §G10 000§W\nжелезо §G8 000§W\nсталь §G4 000§W\nуголь §G5 000§W\n\nТаких регионов пять. Успех всех пяти до 1845 - бонус стране. С 1845 непройденное можно снять решением двора без награды.;X;X;X;X;X;X
CHI_pay_water_1;Ирригация I: казна §Y200 000§W;X;X;X;X;X;X
CHI_pay_water_1_desc;§YИрригация I§W. Если казны или товаров не хватает, списывать не будут.\n\nКазна: §Y200 000§W\nПри коррупции казна: §R400 000§W (вдвое).\nСклад:\nдерево §G2 400§W\nпиломатериалы §G600§W\nцемент §G1 200§W\nжелезо §G600§W;X;X;X;X;X;X
CHI_pay_water_2;Ирригация II: казна §Y500 000§W;X;X;X;X;X;X
CHI_pay_water_2_desc;§YИрригация II§W. Если казны или товаров не хватает, списывать не будут.\n\nКазна: §Y500 000§W\nПри коррупции казна: §R1 000 000§W (вдвое).\nСклад:\nдерево §G3 600§W\nпиломатериалы §G900§W\nцемент §G1 800§W\nжелезо §G1 200§W;X;X;X;X;X;X
CHI_pay_water_3;Ирригация III: казна §Y1 000 000§W;X;X;X;X;X;X
CHI_pay_water_3_desc;§YИрригация III§W. Если казны или товаров не хватает, списывать не будут.\n\nКазна: §Y1 000 000§W\nПри коррупции казна: §R2 000 000§W (вдвое).\nСклад:\nдерево §G5 400§W\nпиломатериалы §G1 500§W\nцемент §G3 000§W\nжелезо §G1 800§W;X;X;X;X;X;X
CHI_pay_water_4;Ирригация IV: казна §Y2 000 000§W;X;X;X;X;X;X
CHI_pay_water_4_desc;§YИрригация IV§W. Если казны или товаров не хватает, списывать не будут.\n\nКазна: §Y2 000 000§W\nПри коррупции казна: §R4 000 000§W (вдвое).\nСклад:\nдерево §G7 500§W\nпиломатериалы §G2 400§W\nцемент §G4 500§W\nжелезо §G3 000§W;X;X;X;X;X;X
CHI_sel_bribe;Подкуп  ·  §Y500 000§W;X;X;X;X;X;X
CHI_sel_bribe_desc;Взятки местным вожакам. Сепаратизм региона -1.\n\nКазна: §Y500 000§W.\nПри коррупции: §R1 000 000§W (вдвое).\nПовтор через год.;X;X;X;X;X;X
CHI_sel_tax_cut;Снизить налоги в этом регионе на 2 года;X;X;X;X;X;X
CHI_sel_tax_cut_desc;Маркер на регион на 2 года. Казна отдельно теряет §Y4%§W эффективности налогов за каждый такой регион (до 20). В самом маркере провинции налога нет - штраф только в страновом стеке.;X;X;X;X;X;X
CHI_sel_revolt;Спровоцировать восстание;X;X;X;X;X;X
CHI_sel_revolt_desc;Милитантность в этой провинции на 180 дней. Когда модификатор спадёт, если провинция под контролем Китая, пульс Ян-Майена снизит сепаратизм региона на 1. Повтор 2 года.;X;X;X;X;X;X
CHI_sel_revolt_wait;Восстание уже спровоцировано (2 года);X;X;X;X;X;X
CHI_sel_revolt_wait_desc;В этой провинции уже идёт провокация. Повтор через 2 года.;X;X;X;X;X;X
CHI_sel_revolt_won;Восстание подавлено;X;X;X;X;X;X
CHI_sel_revolt_won_desc;Провинция снова под контролем. Сепаратизм региона снижен на 1 уровень.;X;X;X;X;X;X
CHI_sep_tax_cut;Налоговая льгота региона;X;X;X;X;X;X
CHI_sep_tax_cut_desc;Маркер региона на 2 года. В этой карточке нет штрафа налога: казна теряет §Y4%§W эффективности за стек CHI_sep_tax_stack, по одному на регион.;X;X;X;X;X;X
CHI_sep_revolt_cd;Провокация восстания;X;X;X;X;X;X
CHI_sep_revolt_cd_desc;В этой провинции уже спровоцировано восстание. Повтор через 2 года.;X;X;X;X;X;X
CHI_sep_uprising;Спровоцированное восстание;X;X;X;X;X;X
CHI_sep_uprising_desc;Население поднято на 180 дней. Когда модификатор спадёт, если провинция под контролем Китая, пульс Ян-Майена снизит сепаратизм региона на 1.;X;X;X;X;X;X
CHI_provoked_rebels;Спровоцированные повстанцы;X;X;X;X;X;X
CHI_provoked_rebels_title;Спровоцированное восстание;X;X;X;X;X;X
CHI_provoked_rebels_name;Спровоцированные повстанцы;X;X;X;X;X;X
CHI_provoked_rebels_desc;Население провинции поднято приказом двора. Они сложатся, когда провинция снова будет под контролем Китая.;X;X;X;X;X;X
CHI_provoked_rebels_army;Повстанческая армия;X;X;X;X;X;X
CHI_click_mark;Обработка приказа;X;X;X;X;X;X
CHI_click_mark_desc;Временный маркер выбранной провинции.;X;X;X;X;X;X
CHI_lvl_dropped;Снижение уровня;X;X;X;X;X;X
CHI_lvl_dropped_desc;Служебный маркер: уровень бедствия уже снижен в этом проходе.;X;X;X;X;X;X
CHI_sep_revolt_pending;Исход восстания;X;X;X;X;X;X
CHI_sep_revolt_pending_desc;После спада восстания, если провинция под контролем Китая, сепаратизм региона будет снижен.;X;X;X;X;X;X
CHI_sep_revolt_won;Восстание подавлено;X;X;X;X;X;X
CHI_sep_revolt_won_desc;Провинция снова под контролем.;X;X;X;X;X;X
CHI_corruption_no;Без коррупции;X;X;X;X;X;X
CHI_corruption_no_desc;Коррупция снята.;X;X;X;X;X;X
CHI_fleet_anti_piracy_ready;Флот против пиратства;X;X;X;X;X;X
CHI_fleet_anti_piracy_ready_desc;В строю не меньше 200 кораблей: флот может подавить пиратство по всей стране.;X;X;X;X;X;X
CHI_sep_menu_title;Сепаратизм региона;X;X;X;X;X;X
CHI_sel_sep_none_desc;В этой провинции нет сепаратизма, который можно снизить.;X;X;X;X;X;X
CHI_sel_sep_wait_desc;В регионе уже идёт подавление. Повтор через год.;X;X;X;X;X;X
CHI_sel_tax_done;Налоги снижены;X;X;X;X;X;X
CHI_sel_tax_done_desc;Льгота действует 2 года в этом регионе. Казна теряет §Y4%§W эффективности налогов. Другие регионы можно освободить отдельно.;X;X;X;X;X;X
CHI_water_choice_title;Ирригация региона;X;X;X;X;X;X
CHI_water_choice_desc;Ремонт снижает воду на 1 уровень в этом регионе. Один заказ на весь штат. Если ремонт уже идёт, кнопок нет.\n\n§YI§W\nКазна: §Y200 000§W\nПри коррупции казна: §R400 000§W (вдвое).\nСклад:\nдерево §G2 400§W\nпиломатериалы §G600§W\nцемент §G1 200§W\nжелезо §G600§W\n\n§YII§W\nКазна: §Y500 000§W\nПри коррупции казна: §R1 000 000§W (вдвое).\nСклад:\nдерево §G3 600§W\nпиломатериалы §G900§W\nцемент §G1 800§W\nжелезо §G1 200§W\n\n§YIII§W\nКазна: §Y1 000 000§W\nПри коррупции казна: §R2 000 000§W (вдвое).\nСклад:\nдерево §G5 400§W\nпиломатериалы §G1 500§W\nцемент §G3 000§W\nжелезо §G1 800§W\n\n§YIV§W\nКазна: §Y2 000 000§W\nПри коррупции казна: §R4 000 000§W (вдвое).\nСклад:\nдерево §G7 500§W\nпиломатериалы §G2 400§W\nцемент §G4 500§W\nжелезо §G3 000§W;X;X;X;X;X;X
CHI_water_choice_1_desc;§YИрригация I§W - вода региона -1 ступень. Один заказ на весь штат.\n\nКазна: §Y200 000§W\nПри коррупции казна: §R400 000§W (вдвое).\nСклад:\nдерево §G2 400§W\nпиломатериалы §G600§W\nцемент §G1 200§W\nжелезо §G600§W\n\nЕсли казны или товаров не хватает, списывать не будут. Повтор в этом регионе около 2.5 лет.;X;X;X;X;X;X
CHI_water_choice_2_desc;§YИрригация II§W - вода региона -1 ступень. Один заказ на весь штат.\n\nКазна: §Y500 000§W\nПри коррупции казна: §R1 000 000§W (вдвое).\nСклад:\nдерево §G3 600§W\nпиломатериалы §G900§W\nцемент §G1 800§W\nжелезо §G1 200§W\n\nЕсли казны или товаров не хватает, списывать не будут. Повтор в этом регионе около 2.5 лет.;X;X;X;X;X;X
CHI_water_choice_3_desc;§YИрригация III§W - вода региона -1 ступень. Один заказ на весь штат.\n\nКазна: §Y1 000 000§W\nПри коррупции казна: §R2 000 000§W (вдвое).\nСклад:\nдерево §G5 400§W\nпиломатериалы §G1 500§W\nцемент §G3 000§W\nжелезо §G1 800§W\n\nЕсли казны или товаров не хватает, списывать не будут. Повтор в этом регионе около 2.5 лет.;X;X;X;X;X;X
CHI_water_choice_4_desc;§YИрригация IV§W - вода региона -1 ступень. Один заказ на весь штат.\n\nКазна: §Y2 000 000§W\nПри коррупции казна: §R4 000 000§W (вдвое).\nСклад:\nдерево §G7 500§W\nпиломатериалы §G2 400§W\nцемент §G4 500§W\nжелезо §G3 000§W\n\nЕсли казны или товаров не хватает, списывать не будут. Повтор в этом регионе около 2.5 лет.;X;X;X;X;X;X
CHI_water_choice_unique_desc;Речные проекты региона. Кнопка есть только если этот модификатор висит в провинции.\n\n§YКанал§W\nКазна: §Y1 000 000§W\nПри коррупции казна: §R2 000 000§W (вдвое).\nСклад:\nдерево §G3 000§W\nпиломатериалы §G800§W\nцемент §G1 500§W\nжелезо §G1 000§W\n\n§YЯнцзы§W\nКазна: §Y1 000 000§W\nПри коррупции казна: §R2 000 000§W (вдвое).\nСклад:\nдерево §G2 500§W\nпиломатериалы §G700§W\nцемент §G1 200§W\nжелезо §G1 500§W\n\n§YХуанхэ§W\nКазна: §Y1 000 000§W\nКоррупция эту цену не меняет.\nСклад:\nдерево §G12 000§W\nпиломатериалы §G6 000§W\nцемент §G10 000§W\nжелезо §G8 000§W\nсталь §G4 000§W\nуголь §G5 000§W\n\nПеренос русла Хуанхэ - решение двора.;X;X;X;X;X;X
CHI_sel_no_water_desc;В этой провинции нет проблем с водой.;X;X;X;X;X;X
CHI_sel_hydro_wait_desc;В этом регионе уже идёт ремонт ирригации. Следующий заказ здесь примерно через 2.5 года. Другие регионы можно чинить отдельно.;X;X;X;X;X;X
CHI_famine_choice_title;Голод региона;X;X;X;X;X;X
CHI_famine_choice_desc;§YВеликий амбар§W - голод региона -1 ступень, сельское хозяйство +5%. Прирост населения не даёт. Один заказ на весь штат.\n\nСклад: дерево §G250§W, пиломатериалы §G80§W, цемент §G150§W, железо §G100§W.\nДенег не берёт.\n\nЕсли программа уже идёт, кнопки амбара нет - повтор 2 года. Если амбар уже стоит и голода нет, заказывать нечего.;X;X;X;X;X;X
CHI_sel_no_famine_desc;В этой провинции нет голода.;X;X;X;X;X;X
CHI_sel_has_granary_desc;Великий амбар в регионе уже стоит.;X;X;X;X;X;X
CHI_sel_food_wait;Продовольственная программа идёт;X;X;X;X;X;X
CHI_sel_food_wait_desc;В регионе уже идёт продовольственная программа. Повтор через 2 года.;X;X;X;X;X;X
CHI_food_cd;Продовольственная программа;X;X;X;X;X;X
CHI_food_cd_desc;В регионе уже идёт продовольственная программа. Повтор через 2 года.;X;X;X;X;X;X
CHI_hydro_cd;Ремонт ирригации региона;X;X;X;X;X;X
CHI_hydro_cd_desc;В этом регионе уже идут работы по ирригации и дамбам. Следующий заказ здесь примерно через 2.5 года.;X;X;X;X;X;X
CHI_great_granary;Великий амбар;X;X;X;X;X;X
CHI_great_granary_desc;Казённый амбар региона. Снимает ступень голода. Сам прирост населения не даёт. Сельское хозяйство региона +5%.;X;X;X;X;X;X
CHI_famine_tied_to_water;Голод связан с водой;X;X;X;X;X;X
CHI_famine_tied_to_water_desc;Ремонт ирригации также снижает такой голод на 1 уровень.;X;X;X;X;X;X
CHI_water_canal_silt;Заиление Великого канала;X;X;X;X;X;X
CHI_water_canal_silt_desc;Ил душит судоходство канала. Снимается проектом «Очистка канала от ила» в селекторе этого региона.;X;X;X;X;X;X
CHI_water_yangtze_nav;Срыв судоходства Янцзы;X;X;X;X;X;X
CHI_water_yangtze_nav_desc;Фарватер занесён, речная торговля парализована. Снимается расчисткой фарватера Янцзы в селекторе этого региона.;X;X;X;X;X;X
CHI_water_yellow_dikes;Дамбы Хуанхэ;X;X;X;X;X;X
CHI_water_yellow_dikes_desc;Угроза прорыва Хуанхэ: поля и еда под ударом.\nСелектор чинит дамбы сразу во всём регионе.\nПять регионов: Южный Чжили, Хэнань, Нанкин, Шаньдун, Циндао.\nПрогресс - карточка страны «Дамбы Хуанхэ».;X;X;X;X;X;X
CHI_canal_cd;Очистка канала;X;X;X;X;X;X
CHI_canal_cd_desc;В регионе уже чистят канал от ила. Повтор примерно через 2.5 года.;X;X;X;X;X;X
CHI_yangtze_cd;Расчистка Янцзы;X;X;X;X;X;X
CHI_yangtze_cd_desc;В регионе уже чистят фарватер Янцзы. Повтор примерно через 2.5 года.;X;X;X;X;X;X
CHI_yellow_cd;Ремонт дамб Хуанхэ;X;X;X;X;X;X
CHI_yellow_cd_desc;В регионе уже чинят дамбы Хуанхэ. Повтор примерно через 2.5 года.;X;X;X;X;X;X
CHI_yellow_new_course;Новое русло Хуанхэ;X;X;X;X;X;X
CHI_yellow_new_course_desc;Двор переложил главное русло Хуанхэ. Старая угроза дамб по провинциям снята.;X;X;X;X;X;X
CHI_yellow_river_works;Бросить старое русло Хуанхэ;X;X;X;X;X;X
CHI_yellow_river_works_desc;С 1845 года, если пять регионов дамб не закрыты. Мир. Снимает штрафы дамб по империи без награды. Пока идёт ремонт селектором, это решение не нужно.;X;X;X;X;X;X
CHI_yellow_course_title;Хуанхэ: отказ от старого русла;X;X;X;X;X;X
CHI_yellow_course_desc;Срок работ истёк. Двор может снять угрозу дамб везде без бонуса за удержанное русло. Ремонт селектором после этого уже не даст награду 1845 года.;X;X;X;X;X;X
CHI_yellow_course_fail;Снять штрафы без награды;X;X;X;X;X;X
CHI_inefficient_bureaucracy;Неэффективная бюрократия;X;X;X;X;X;X
CHI_port_anti_piracy;Портовый надзор;X;X;X;X;X;X
CHI_port_anti_piracy_desc;Порт ослабляет приморский разбой в этой провинции. Штрафы пиратства смотрите в карточке пиратства, не здесь.;X;X;X;X;X;X
CHI_famine_infra_relief;Инфраструктура против голода;X;X;X;X;X;X
CHI_famine_infra_relief_desc;Один раз: когда во всех провинциях региона железная дорога 2-го уровня, пульс Ян-Майена снижает голод на 1 и вешает этот модификатор. Это не кнопка селектора. Повторно голод сам не падает.;X;X;X;X;X;X
CHI_sep_tax_stack_1;Региональная налоговая льгота;X;X;X;X;X;X
CHI_sep_tax_stack_1_desc;Казна теряет §Y4%§W эффективности налогов, пока в одном из регионов действует льгота. Несколько регионов складываются.;X;X;X;X;X;X
CHI_sep_tax_stack_2;Региональная налоговая льгота;X;X;X;X;X;X
CHI_sep_tax_stack_2_desc;Казна теряет §Y4%§W эффективности налогов, пока в одном из регионов действует льгота. Несколько регионов складываются.;X;X;X;X;X;X
CHI_sep_tax_stack_3;Региональная налоговая льгота;X;X;X;X;X;X
CHI_sep_tax_stack_3_desc;Казна теряет §Y4%§W эффективности налогов, пока в одном из регионов действует льгота. Несколько регионов складываются.;X;X;X;X;X;X
CHI_sep_tax_stack_4;Региональная налоговая льгота;X;X;X;X;X;X
CHI_sep_tax_stack_4_desc;Казна теряет §Y4%§W эффективности налогов, пока в одном из регионов действует льгота. Несколько регионов складываются.;X;X;X;X;X;X
CHI_sep_tax_stack_5;Региональная налоговая льгота;X;X;X;X;X;X
CHI_sep_tax_stack_5_desc;Казна теряет §Y4%§W эффективности налогов, пока в одном из регионов действует льгота. Несколько регионов складываются.;X;X;X;X;X;X
CHI_sep_tax_stack_6;Региональная налоговая льгота;X;X;X;X;X;X
CHI_sep_tax_stack_6_desc;Казна теряет §Y4%§W эффективности налогов, пока в одном из регионов действует льгота. Несколько регионов складываются.;X;X;X;X;X;X
CHI_sep_tax_stack_7;Региональная налоговая льгота;X;X;X;X;X;X
CHI_sep_tax_stack_7_desc;Казна теряет §Y4%§W эффективности налогов, пока в одном из регионов действует льгота. Несколько регионов складываются.;X;X;X;X;X;X
CHI_sep_tax_stack_8;Региональная налоговая льгота;X;X;X;X;X;X
CHI_sep_tax_stack_8_desc;Казна теряет §Y4%§W эффективности налогов, пока в одном из регионов действует льгота. Несколько регионов складываются.;X;X;X;X;X;X
CHI_sep_tax_stack_9;Региональная налоговая льгота;X;X;X;X;X;X
CHI_sep_tax_stack_9_desc;Казна теряет §Y4%§W эффективности налогов, пока в одном из регионов действует льгота. Несколько регионов складываются.;X;X;X;X;X;X
CHI_sep_tax_stack_10;Региональная налоговая льгота;X;X;X;X;X;X
CHI_sep_tax_stack_10_desc;Казна теряет §Y4%§W эффективности налогов, пока в одном из регионов действует льгота. Несколько регионов складываются.;X;X;X;X;X;X
CHI_sep_tax_stack_11;Региональная налоговая льгота;X;X;X;X;X;X
CHI_sep_tax_stack_11_desc;Казна теряет §Y4%§W эффективности налогов, пока в одном из регионов действует льгота. Несколько регионов складываются.;X;X;X;X;X;X
CHI_sep_tax_stack_12;Региональная налоговая льгота;X;X;X;X;X;X
CHI_sep_tax_stack_12_desc;Казна теряет §Y4%§W эффективности налогов, пока в одном из регионов действует льгота. Несколько регионов складываются.;X;X;X;X;X;X
CHI_sep_tax_stack_13;Региональная налоговая льгота;X;X;X;X;X;X
CHI_sep_tax_stack_13_desc;Казна теряет §Y4%§W эффективности налогов, пока в одном из регионов действует льгота. Несколько регионов складываются.;X;X;X;X;X;X
CHI_sep_tax_stack_14;Региональная налоговая льгота;X;X;X;X;X;X
CHI_sep_tax_stack_14_desc;Казна теряет §Y4%§W эффективности налогов, пока в одном из регионов действует льгота. Несколько регионов складываются.;X;X;X;X;X;X
CHI_sep_tax_stack_15;Региональная налоговая льгота;X;X;X;X;X;X
CHI_sep_tax_stack_15_desc;Казна теряет §Y4%§W эффективности налогов, пока в одном из регионов действует льгота. Несколько регионов складываются.;X;X;X;X;X;X
CHI_sep_tax_stack_16;Региональная налоговая льгота;X;X;X;X;X;X
CHI_sep_tax_stack_16_desc;Казна теряет §Y4%§W эффективности налогов, пока в одном из регионов действует льгота. Несколько регионов складываются.;X;X;X;X;X;X
CHI_sep_tax_stack_17;Региональная налоговая льгота;X;X;X;X;X;X
CHI_sep_tax_stack_17_desc;Казна теряет §Y4%§W эффективности налогов, пока в одном из регионов действует льгота. Несколько регионов складываются.;X;X;X;X;X;X
CHI_sep_tax_stack_18;Региональная налоговая льгота;X;X;X;X;X;X
CHI_sep_tax_stack_18_desc;Казна теряет §Y4%§W эффективности налогов, пока в одном из регионов действует льгота. Несколько регионов складываются.;X;X;X;X;X;X
CHI_sep_tax_stack_19;Региональная налоговая льгота;X;X;X;X;X;X
CHI_sep_tax_stack_19_desc;Казна теряет §Y4%§W эффективности налогов, пока в одном из регионов действует льгота. Несколько регионов складываются.;X;X;X;X;X;X
CHI_sep_tax_stack_20;Региональная налоговая льгота;X;X;X;X;X;X
CHI_sep_tax_stack_20_desc;Казна теряет §Y4%§W эффективности налогов, пока в одном из регионов действует льгота. Несколько регионов складываются.;X;X;X;X;X;X
CHI_sel_infra;Инфраструктура 2-го уровня частично снимает голод;X;X;X;X;X;X
Selector_EvtOptCancel;Отмена;X;X;X;X;X;X
Selector_EvtOptSupplyDepot;Снабженческий склад (§Y500 000§W);X;X;X;X;X;X
Selector_EvtOptRemAllSelectors;Убрать все селекторы;X;X;X;X;X;X
select_prov_CHI;Китай: селектор провинции;X;X;X;X;X;X
select_prov_CHI_desc;Открыть действия для провинции с селектором (голод, вода, пиратство, амбар).;X;X;X;X;X;X
select_prov;Селектор провинции;X;X;X;X;X;X
select_prov_desc;Открыть действия для провинции с селектором.;X;X;X;X;X;X
CHI_patchwork_empire;Лоскутная феодальная империя;X;X;X;X;X;X
CHI_patchwork_empire_desc;Неснимаемый порядок Цин: слабый двор, уделы и знамёна вместо регулярной армии.\nОрганизация армии -10%. Скорость пополнения +10%. Размер мобилизации -4%.\nПотолок солдат: 2% населения провинции. Фермеры, рабочие, ремесленники и офицеры почти не идут в солдаты выше этой доли. Лишние солдаты расходятся в крестьяне. Сепаратизм региона режет потолок ещё сильнее (I ~1.5%, II ~1.0%, III-IV ~0.5%).;X;X;X;X;X;X
CHI_inefficient_bureaucracy_desc;Старая карточка без штрафа. Живой эффект - уровни I-IV в списке модификаторов страны.;X;X;X;X;X;X
CHI_inefficient_bureaucracy_1;Неэффективная бюрократия I;X;X;X;X;X;X
CHI_inefficient_bureaucracy_1_desc;Почти собрана: грамотность и современная мысль. Налог -2, управление -3.\nСнимается сама: растёт грамотность, появляются школы, осваивается современная мысль, падает коррупция.\nПрогресс: §G|||||||||||||||§R|||||§W;X;X;X;X;X;X
CHI_inefficient_bureaucracy_2;Неэффективная бюрократия II;X;X;X;X;X;X
CHI_inefficient_bureaucracy_2_desc;Первые сдвиги: грамотность, реформа школ, мысль или спад коррупции. Налог -5, управление -6.\nСнимается сама: растёт грамотность, появляются школы, осваивается современная мысль, падает коррупция.\nПрогресс: §G||||||||||§R||||||||||§W;X;X;X;X;X;X
CHI_inefficient_bureaucracy_3;Неэффективная бюрократия III;X;X;X;X;X;X
CHI_inefficient_bureaucracy_3_desc;Старт Цин. Канцелярия слабая, но не развалена. Налог -8, управление -10.\nСнимается сама: растёт грамотность, появляются школы, осваивается современная мысль, падает коррупция.\nПрогресс: §G|||||§R|||||||||||||||§W;X;X;X;X;X;X
CHI_inefficient_bureaucracy_4;Неэффективная бюрократия IV;X;X;X;X;X;X
CHI_inefficient_bureaucracy_4_desc;Худший разлад канцелярии: война или бунт. Налог -11, управление -13.\nСнимается сама: растёт грамотность, появляются школы, осваивается современная мысль, падает коррупция.\nПрогресс: §G§R||||||||||||||||||||§W;X;X;X;X;X;X
CHI_separatism_peripheral;Сепаратизм: периферийный;X;X;X;X;X;X
CHI_separatism_peripheral_desc;Национальный сепаратизм на окраинах.\nМасштаб: §G|||||||||||||§R|||||||§W\n-5 к налогу, организации и пополнению.;X;X;X;X;X;X
CHI_separatism_medium;Сепаратизм: средний;X;X;X;X;X;X
CHI_separatism_medium_desc;Национальный сепаратизм среднего масштаба.\nМасштаб: §G|||||||§R|||||||||||||§W\n-10 к налогу, организации и пополнению.;X;X;X;X;X;X
CHI_separatism_large;Сепаратизм: масштабный;X;X;X;X;X;X
CHI_separatism_large_desc;Национальный сепаратизм охватил империю.\nМасштаб: §G§R||||||||||||||||||||§W\n-15 к налогу, организации и пополнению.;X;X;X;X;X;X
CHI_corruption_high;Коррупция;X;X;X;X;X;X
CHI_corruption_high_desc;Эффективность управления -25. Все решения по борьбе с бедствиями стоят x2.;X;X;X;X;X;X
CHI_corruption_medium;Коррупция (средняя);X;X;X;X;X;X
CHI_corruption_medium_desc;Эффективность управления -15.;X;X;X;X;X;X
CHI_corruption_low;Коррупция (низкая);X;X;X;X;X;X
CHI_corruption_low_desc;Эффективность управления -5.;X;X;X;X;X;X
CHI_separatism_1;Сепаратизм I;X;X;X;X;X;X
CHI_separatism_1_desc;Региональный сепаратизм.\nУровень: §G|||||||||||||||§R|||||§W\nФермеры почти не идут в солдаты выше ~1.5% населения провинции (порог в poptypes, не в этом модификаторе).;X;X;X;X;X;X
CHI_separatism_2;Сепаратизм II;X;X;X;X;X;X
CHI_separatism_2_desc;Региональный сепаратизм.\nУровень: §G||||||||||§R||||||||||§W\nПорог солдат ещё ниже (~1.0%). Плюс штраф RGO.;X;X;X;X;X;X
CHI_separatism_3;Сепаратизм III;X;X;X;X;X;X
CHI_separatism_3_desc;Региональный сепаратизм.\nУровень: §G|||||§R|||||||||||||||§W\nПорог солдат ~0.5%. Сильная милитантность.;X;X;X;X;X;X
CHI_separatism_4;Сепаратизм IV;X;X;X;X;X;X
CHI_separatism_4_desc;Региональный сепаратизм.\nУровень: §G§R||||||||||||||||||||§W\nПорог солдат ~0.5%, максимальная милитантность и исход.;X;X;X;X;X;X
CHI_famine_1;Голод I;X;X;X;X;X;X
CHI_famine_1_desc;Проблема с едой.\nУровень: §G|||||||||||||||§R|||||§W\nПрирост -0.1%/мес, начинается исход.\nЧастично снимается амбаром. Уровень голода падает сам, если инфраструктура 2-го уровня построена во всех провинциях региона. Если голод связан с водой - ремонт воды тоже снижает его.;X;X;X;X;X;X
CHI_famine_2;Голод II;X;X;X;X;X;X
CHI_famine_2_desc;Проблема с едой.\nУровень: §G||||||||||§R||||||||||§W\nПрирост -0.13%/мес, сильный исход.\nЧастично снимается амбаром. Уровень голода падает сам, если инфраструктура 2-го уровня построена во всех провинциях региона. Если голод связан с водой - ремонт воды тоже снижает его.;X;X;X;X;X;X
CHI_famine_3;Голод III;X;X;X;X;X;X
CHI_famine_3_desc;Проблема с едой.\nУровень: §G|||||§R|||||||||||||||§W\nПрирост -0.17%/мес, тяжёлый голод.\nЧастично снимается амбаром. Уровень голода падает сам, если инфраструктура 2-го уровня построена во всех провинциях региона. Если голод связан с водой - ремонт воды тоже снижает его.;X;X;X;X;X;X
CHI_famine_4;Голод IV;X;X;X;X;X;X
CHI_famine_4_desc;Проблема с едой.\nУровень: §G§R||||||||||||||||||||§W\nПрирост -0.2%/мес, исход из региона.\nЧастично снимается амбаром. Уровень голода падает сам, если инфраструктура 2-го уровня построена во всех провинциях региона. Если голод связан с водой - ремонт воды тоже снижает его.;X;X;X;X;X;X
CHI_water_1;Вода I;X;X;X;X;X;X
CHI_water_1_desc;Проблемы водоснабжения.\nУровень: §G|||||||||||||||§R|||||§W\nФерма -24%. Сельское хозяйство сильно просело.\nБьёт по ферме и миграции. Снимается через селектор.;X;X;X;X;X;X
CHI_water_2;Вода II;X;X;X;X;X;X
CHI_water_2_desc;Проблемы водоснабжения.\nУровень: §G||||||||||§R||||||||||§W\nФерма -45%. Плюс штраф промышленности.\nБьёт по ферме и миграции. Снимается через селектор.;X;X;X;X;X;X
CHI_water_3;Вода III;X;X;X;X;X;X
CHI_water_3_desc;Проблемы водоснабжения.\nУровень: §G|||||§R|||||||||||||||§W\nФерма -66%. Тяжёлая гидротехническая разруха.\nБьёт по ферме и миграции. Снимается через селектор.;X;X;X;X;X;X
CHI_water_4;Вода IV;X;X;X;X;X;X
CHI_water_4_desc;Проблемы водоснабжения.\nУровень: §G§R||||||||||||||||||||§W\nФерма -90%. Река не управляется, поля и фабрики страдают.\nБьёт по ферме и миграции. Снимается через селектор.;X;X;X;X;X;X
CHI_weak_rule_1;Слабая власть I;X;X;X;X;X;X
CHI_weak_rule_1_desc;Слабая власть над регионом.\nУровень: §G||||||||||||||||§R||||§W\n2 уровня от неэффективной бюрократии, до 3 - от бедствий провинции. Вне ядра империи.;X;X;X;X;X;X
CHI_weak_rule_2;Слабая власть II;X;X;X;X;X;X
CHI_weak_rule_2_desc;Слабая власть над регионом.\nУровень: §G||||||||||||§R||||||||§W\n2 уровня от неэффективной бюрократии, до 3 - от бедствий провинции. Вне ядра империи.;X;X;X;X;X;X
CHI_weak_rule_3;Слабая власть III;X;X;X;X;X;X
CHI_weak_rule_3_desc;Слабая власть над регионом.\nУровень: §G||||||||§R||||||||||||§W\n2 уровня от неэффективной бюрократии, до 3 - от бедствий провинции. Вне ядра империи.;X;X;X;X;X;X
CHI_weak_rule_4;Слабая власть IV;X;X;X;X;X;X
CHI_weak_rule_4_desc;Слабая власть над регионом.\nУровень: §G||||§R||||||||||||||||§W\n2 уровня от неэффективной бюрократии, до 3 - от бедствий провинции. Вне ядра империи.;X;X;X;X;X;X
CHI_weak_rule_5;Слабая власть V;X;X;X;X;X;X
CHI_weak_rule_5_desc;Слабая власть над регионом.\nУровень: §G§R||||||||||||||||||||§W\n2 уровня от неэффективной бюрократии, до 3 - от бедствий провинции. Вне ядра империи.;X;X;X;X;X;X
CHI_piracy_1;Пиратство I;X;X;X;X;X;X
CHI_piracy_1_desc;Приморская угроза.\nУровень: §G|||||||||||||||§R|||||§W\nПорт ослабляет на 1 уровень. Флот в 200 кораблей снимает полностью.;X;X;X;X;X;X
CHI_piracy_2;Пиратство II;X;X;X;X;X;X
CHI_piracy_2_desc;Приморская угроза.\nУровень: §G||||||||||§R||||||||||§W\nПорт ослабляет на 1 уровень. Флот в 200 кораблей снимает полностью.;X;X;X;X;X;X
CHI_piracy_3;Пиратство III;X;X;X;X;X;X
CHI_piracy_3_desc;Приморская угроза.\nУровень: §G|||||§R|||||||||||||||§W\nПорт ослабляет на 1 уровень. Флот в 200 кораблей снимает полностью.;X;X;X;X;X;X
CHI_piracy_4;Пиратство IV;X;X;X;X;X;X
CHI_piracy_4_desc;Приморская угроза.\nУровень: §G§R||||||||||||||||||||§W\nПорт ослабляет на 1 уровень. Флот в 200 кораблей снимает полностью.;X;X;X;X;X;X
CHI_yellow_problem_0;Дамбы Хуанхэ 0/5;X;X;X;X;X;X
CHI_yellow_problem_0_desc;Регионы с дамбами: Южный Чжили, Хэнань, Нанкин, Шаньдун, Циндао.\nОтремонтировано: 0 из 5.\n§G§R||||||||||||||||||||§W\nОдин заказ селектора закрывает весь регион. Успех всех пяти до 1845: ферма и добыча +20%, фабрики +15%. Если не успеть - решение двора снимет штрафы без награды.;X;X;X;X;X;X
CHI_yellow_problem_1;Дамбы Хуанхэ 1/5;X;X;X;X;X;X
CHI_yellow_problem_1_desc;Регионы с дамбами: Южный Чжили, Хэнань, Нанкин, Шаньдун, Циндао.\nОтремонтировано: 1 из 5.\n§G||||§R||||||||||||||||§W\nОдин заказ селектора закрывает весь регион. Успех всех пяти до 1845: ферма и добыча +20%, фабрики +15%. Если не успеть - решение двора снимет штрафы без награды.;X;X;X;X;X;X
CHI_yellow_problem_2;Дамбы Хуанхэ 2/5;X;X;X;X;X;X
CHI_yellow_problem_2_desc;Регионы с дамбами: Южный Чжили, Хэнань, Нанкин, Шаньдун, Циндао.\nОтремонтировано: 2 из 5.\n§G||||||||§R||||||||||||§W\nОдин заказ селектора закрывает весь регион. Успех всех пяти до 1845: ферма и добыча +20%, фабрики +15%. Если не успеть - решение двора снимет штрафы без награды.;X;X;X;X;X;X
CHI_yellow_problem_3;Дамбы Хуанхэ 3/5;X;X;X;X;X;X
CHI_yellow_problem_3_desc;Регионы с дамбами: Южный Чжили, Хэнань, Нанкин, Шаньдун, Циндао.\nОтремонтировано: 3 из 5.\n§G||||||||||||§R||||||||§W\nОдин заказ селектора закрывает весь регион. Успех всех пяти до 1845: ферма и добыча +20%, фабрики +15%. Если не успеть - решение двора снимет штрафы без награды.;X;X;X;X;X;X
CHI_yellow_problem_4;Дамбы Хуанхэ 4/5;X;X;X;X;X;X
CHI_yellow_problem_4_desc;Регионы с дамбами: Южный Чжили, Хэнань, Нанкин, Шаньдун, Циндао.\nОтремонтировано: 4 из 5.\n§G||||||||||||||||§R||||§W\nОдин заказ селектора закрывает весь регион. Успех всех пяти до 1845: ферма и добыча +20%, фабрики +15%. Если не успеть - решение двора снимет штрафы без награды.;X;X;X;X;X;X
CHI_yellow_deadline;Срок работ на Хуанхэ;X;X;X;X;X;X
CHI_yellow_deadline_desc;Отсчёт до 1 января 1845 г. Когда карточка пропадёт, двор сможет бросить старое русло без награды.;X;X;X;X;X;X
CHI_yellow_old_course;Дамбы Хуанхэ 5/5;X;X;X;X;X;X
CHI_yellow_old_course_desc;Все пять регионов на Хуанхэ укреплены в срок.\n§G||||||||||||||||||||§R§W\nЮжный Чжили, Хэнань, Нанкин, Шаньдун, Циндао.\nФерма +20%, добыча +20%, выпуск фабрик +15%. Крестьяне чаще идут в ремесленники.;X;X;X;X;X;X
CHI_pay_unique;Речные работы: казна §Y2 000 000§W;X;X;X;X;X;X
CHI_pay_unique_desc;§YОсобый речной проект§W региона. Если казны или товаров не хватает, списывать не будут.\n\nКазна: §Y2 000 000§W\nПри коррупции казна: §R4 000 000§W (вдвое).\nСклад:\nдерево §G6 000§W\nпиломатериалы §G1 800§W\nцемент §G3 600§W\nжелезо §G2 400§W;X;X;X;X;X;X
